,image_id,image_name,product_url,image_path
0,long_sleeve1,floral_high_low_blouse,https://www.venus.com/viewproduct.aspx?BRANCH=7~63~2052~&ProductDisplayID=68827,data/venus/women/tops/long_sleeve/floral_high_low_blouse
1,long_sleeve2,seamless_cut_out_top,https://www.venus.com/viewproduct.aspx?BRANCH=7~63~2052~&ProductDisplayID=65310,data/venus/women/tops/long_sleeve/seamless_cut_out_top
2,long_sleeve3,embellished_mesh_top,https://www.venus.com/viewproduct.aspx?BRANCH=7~63~2052~&ProductDisplayID=62606,data/venus/women/tops/long_sleeve/embellished_mesh_top
3,long_sleeve4,geometric_sequin_top,https://www.venus.com/viewproduct.aspx?BRANCH=7~63~2052~&ProductDisplayID=68579,data/venus/women/tops/long_sleeve/geometric_sequin_top
4,long_sleeve5,lace_detail_camo_top,https://www.venus.com/viewproduct.aspx?BRANCH=7~63~2052~&ProductDisplayID=43721,data/venus/women/tops/long_sleeve/lace_detail_camo_top
5,long_sleeve6,lace_up_cold_shoulder_top,https://www.venus.com/viewproduct.aspx?BRANCH=7~63~2052~&ProductDisplayID=66454,data/venus/women/tops/long_sleeve/lace_up_cold_shoulder_top
6,long_sleeve7,cold_shoulder_paisley_top,https://www.venus.com/viewproduct.aspx?BRANCH=7~63~2052~&ProductDisplayID=54089,data/venus/women/tops/long_sleeve/cold_shoulder_paisley_top
7,long_sleeve8,fringe_detail_tunic_top,https://www.venus.com/viewproduct.aspx?BRANCH=7~63~2052~&ProductDisplayID=36605,data/venus/women/tops/long_sleeve/fringe_detail_tunic_top
8,long_sleeve9,crochet_cold_shoulder_top,https://www.venus.com/viewproduct.aspx?BRANCH=7~63~2052~&ProductDisplayID=46130,data/venus/women/tops/long_sleeve/crochet_cold_shoulder_top
9,long_sleeve10,balloon_sleeve_wrap_top,https://www.venus.com/viewproduct.aspx?BRANCH=7~63~2052~&ProductDisplayID=62619,data/venus/women/tops/long_sleeve/balloon_sleeve_wrap_top
10,long_sleeve11,ruched_ombre_top,https://www.venus.com/viewproduct.aspx?BRANCH=7~63~2052~&ProductDisplayID=68528,data/venus/women/tops/long_sleeve/ruched_ombre_top
11,long_sleeve12,tie_front_button_up_top,https://www.venus.com/viewproduct.aspx?BRANCH=7~63~2052~&ProductDisplayID=43561,data/venus/women/tops/long_sleeve/tie_front_button_up_top
12,long_sleeve13,cut_out_mock_neck_top,https://www.venus.com/viewproduct.aspx?BRANCH=7~63~2052~&ProductDisplayID=53697,data/venus/women/tops/long_sleeve/cut_out_mock_neck_top
13,long_sleeve14,side_tie_top,https://www.venus.com/viewproduct.aspx?BRANCH=7~63~2052~&ProductDisplayID=68856,data/venus/women/tops/long_sleeve/side_tie_top
14,long_sleeve15,sequin_detail_bodysuit,https://www.venus.com/viewproduct.aspx?BRANCH=7~63~2052~&ProductDisplayID=67260,data/venus/women/tops/long_sleeve/sequin_detail_bodysuit
15,long_sleeve16,off_the_shoulder_top,https://www.venus.com/viewproduct.aspx?BRANCH=7~63~2052~&ProductDisplayID=68529,data/venus/women/tops/long_sleeve/off_the_shoulder_top
16,long_sleeve17,draped_sleeve_top,https://www.venus.com/viewproduct.aspx?BRANCH=7~63~2052~&ProductDisplayID=24436,data/venus/women/tops/long_sleeve/draped_sleeve_top
17,long_sleeve18,seamless_mock_neck_top,https://www.venus.com/viewproduct.aspx?BRANCH=7~63~2052~&ProductDisplayID=66558&clr=ANBK,data/venus/women/tops/long_sleeve/seamless_mock_neck_top
18,long_sleeve19,off_the_shoulder_top_1,https://www.venus.com/viewproduct.aspx?BRANCH=7~63~2052~&ProductDisplayID=57427,data/venus/women/tops/long_sleeve/off_the_shoulder_top_1
19,long_sleeve20,leopard_print_ring_top,https://www.venus.com/viewproduct.aspx?BRANCH=7~63~2052~&ProductDisplayID=67273,data/venus/women/tops/long_sleeve/leopard_print_ring_top
20,long_sleeve21,off_the_shoulder_top_2,https://www.venus.com/viewproduct.aspx?BRANCH=7~63~2052~&ProductDisplayID=73289,data/venus/women/tops/long_sleeve/off_the_shoulder_top_2
21,long_sleeve22,off_the_shoulder_top_3,https://www.venus.com/viewproduct.aspx?BRANCH=7~63~2052~&ProductDisplayID=60070,data/venus/women/tops/long_sleeve/off_the_shoulder_top_3
22,long_sleeve23,lace_detail_mock_neck_top,https://www.venus.com/viewproduct.aspx?BRANCH=7~63~2052~&ProductDisplayID=57409,data/venus/women/tops/long_sleeve/lace_detail_mock_neck_top
23,long_sleeve24,faux_leather_strappy_top,https://www.venus.com/viewproduct.aspx?BRANCH=7~63~2052~&ProductDisplayID=63754,data/venus/women/tops/long_sleeve/faux_leather_strappy_top
24,long_sleeve25,faux_leather_strappy_top_1,https://www.venus.com/viewproduct.aspx?BRANCH=7~63~2052~&ProductDisplayID=63753,data/venus/women/tops/long_sleeve/faux_leather_strappy_top_1
25,long_sleeve26,strappy_detail_top,https://www.venus.com/viewproduct.aspx?BRANCH=7~63~2052~&ProductDisplayID=64140,data/venus/women/tops/long_sleeve/strappy_detail_top
26,long_sleeve27,plaid_and_fringe_cardigan,https://www.venus.com/viewproduct.aspx?BRANCH=7~63~2052~&ProductDisplayID=35890,data/venus/women/tops/long_sleeve/plaid_and_fringe_cardigan
27,long_sleeve28,surplice_side_tie_blouse,https://www.venus.com/viewproduct.aspx?BRANCH=7~63~2052~&ProductDisplayID=36867,data/venus/women/tops/long_sleeve/surplice_side_tie_blouse
28,long_sleeve29,embroidered_bell_sleeve_top,https://www.venus.com/viewproduct.aspx?BRANCH=7~63~2052~&ProductDisplayID=38158,data/venus/women/tops/long_sleeve/embroidered_bell_sleeve_top
29,long_sleeve30,sequin_lace_tassel_top,https://www.venus.com/viewproduct.aspx?BRANCH=7~63~2052~&ProductDisplayID=68805,data/venus/women/tops/long_sleeve/sequin_lace_tassel_top
30,long_sleeve31,embroidered_choker_top,https://www.venus.com/viewproduct.aspx?BRANCH=7~63~2052~&ProductDisplayID=68516,data/venus/women/tops/long_sleeve/embroidered_choker_top
31,long_sleeve32,mineral_wash_hoodie,https://www.venus.com/viewproduct.aspx?BRANCH=7~63~2052~&ProductDisplayID=37795,data/venus/women/tops/long_sleeve/mineral_wash_hoodie
32,long_sleeve33,one_shoulder_grommet_top,https://www.venus.com/viewproduct.aspx?BRANCH=7~63~2052~&ProductDisplayID=65303,data/venus/women/tops/long_sleeve/one_shoulder_grommet_top
33,long_sleeve34,cold_shoulder_casual_top,https://www.venus.com/viewproduct.aspx?BRANCH=7~63~2052~&ProductDisplayID=61987&clr=GY,data/venus/women/tops/long_sleeve/cold_shoulder_casual_top
34,long_sleeve35,cut_out_top,https://www.venus.com/viewproduct.aspx?BRANCH=7~63~2052~&ProductDisplayID=68806,data/venus/women/tops/long_sleeve/cut_out_top
35,long_sleeve36,crochet_back_detail_top,https://www.venus.com/viewproduct.aspx?BRANCH=7~63~2052~&ProductDisplayID=67263,data/venus/women/tops/long_sleeve/crochet_back_detail_top
36,long_sleeve37,puff_sleeve_blouse,https://www.venus.com/viewproduct.aspx?BRANCH=7~63~2052~&ProductDisplayID=67380,data/venus/women/tops/long_sleeve/puff_sleeve_blouse
37,long_sleeve38,embroidered_layered_top,https://www.venus.com/viewproduct.aspx?BRANCH=7~63~2052~&ProductDisplayID=45264,data/venus/women/tops/long_sleeve/embroidered_layered_top
38,long_sleeve39,cold_shoulder_blouson_top,https://www.venus.com/viewproduct.aspx?BRANCH=7~63~2052~&ProductDisplayID=46126,data/venus/women/tops/long_sleeve/cold_shoulder_blouson_top
39,long_sleeve40,embellished_tie_front_print_top,https://www.venus.com/viewproduct.aspx?BRANCH=7~63~2052~&ProductDisplayID=66556,data/venus/women/tops/long_sleeve/embellished_tie_front_print_top
40,long_sleeve41,ribbed_henley_top,https://www.venus.com/viewproduct.aspx?BRANCH=7~63~2052~&ProductDisplayID=37670,data/venus/women/tops/long_sleeve/ribbed_henley_top
41,long_sleeve42,ribbed_long_sleeve_top,https://www.venus.com/viewproduct.aspx?BRANCH=7~63~2052~&ProductDisplayID=36306,data/venus/women/tops/long_sleeve/ribbed_long_sleeve_top
42,long_sleeve43,asymmetrical_print_top,https://www.venus.com/viewproduct.aspx?BRANCH=7~63~2052~&ProductDisplayID=67279,data/venus/women/tops/long_sleeve/asymmetrical_print_top
43,long_sleeve44,button_back_scoop_neck_top,https://www.venus.com/viewproduct.aspx?BRANCH=7~63~2052~&ProductDisplayID=73642,data/venus/women/tops/long_sleeve/button_back_scoop_neck_top
44,long_sleeve45,twist_detail_top,https://www.venus.com/viewproduct.aspx?BRANCH=7~63~2052~&ProductDisplayID=66709,data/venus/women/tops/long_sleeve/twist_detail_top
45,long_sleeve46,cold_shoulder_tie_dye_top,https://www.venus.com/viewproduct.aspx?BRANCH=7~63~2052~&ProductDisplayID=64931,data/venus/women/tops/long_sleeve/cold_shoulder_tie_dye_top
46,long_sleeve47,sequin_detail_cold_shoulder,https://www.venus.com/viewproduct.aspx?BRANCH=7~63~2052~&ProductDisplayID=66693,data/venus/women/tops/long_sleeve/sequin_detail_cold_shoulder
47,long_sleeve48,color_block_sweater,https://www.venus.com/viewproduct.aspx?BRANCH=7~63~2052~&ProductDisplayID=63161,data/venus/women/tops/long_sleeve/color_block_sweater
48,long_sleeve49,burnout_velvet_top,https://www.venus.com/viewproduct.aspx?BRANCH=7~63~2052~&ProductDisplayID=57412,data/venus/women/tops/long_sleeve/burnout_velvet_top
49,long_sleeve50,cold_shoulder_top,https://www.venus.com/viewproduct.aspx?BRANCH=7~63~2052~&ProductDisplayID=54629,data/venus/women/tops/long_sleeve/cold_shoulder_top
50,long_sleeve51,long_sleeve_seamless_top,https://www.venus.com/viewproduct.aspx?BRANCH=7~63~2052~&ProductDisplayID=23987&clr=BK,data/venus/women/tops/long_sleeve/long_sleeve_seamless_top
51,long_sleeve52,ombre_long_sleeve_knot_top,https://www.venus.com/viewproduct.aspx?BRANCH=7~63~2052~&ProductDisplayID=37131,data/venus/women/tops/long_sleeve/ombre_long_sleeve_knot_top
52,long_sleeve53,mesh_and_chain_detail_top,https://www.venus.com/viewproduct.aspx?BRANCH=7~63~2052~&ProductDisplayID=52304,data/venus/women/tops/long_sleeve/mesh_and_chain_detail_top
53,long_sleeve54,strappy_detail_lace_top,https://www.venus.com/viewproduct.aspx?BRANCH=7~63~2052~&ProductDisplayID=63750,data/venus/women/tops/long_sleeve/strappy_detail_lace_top
54,long_sleeve55,plaid_lace_up_top,https://www.venus.com/viewproduct.aspx?BRANCH=7~63~2052~&ProductDisplayID=38154,data/venus/women/tops/long_sleeve/plaid_lace_up_top
55,long_sleeve56,crushed_velvet_lace_top,https://www.venus.com/viewproduct.aspx?BRANCH=7~63~2052~&ProductDisplayID=68810,data/venus/women/tops/long_sleeve/crushed_velvet_lace_top
56,long_sleeve57,cut_out_sleeve_detail_top,https://www.venus.com/viewproduct.aspx?BRANCH=7~63~2052~&ProductDisplayID=36913,data/venus/women/tops/long_sleeve/cut_out_sleeve_detail_top
57,long_sleeve58,maxi_top,https://www.venus.com/viewproduct.aspx?BRANCH=7~63~2052~&ProductDisplayID=54296,data/venus/women/tops/long_sleeve/maxi_top
58,long_sleeve59,high_low_tie_front_blouse,https://www.venus.com/viewproduct.aspx?BRANCH=7~63~2052~&ProductDisplayID=66267,data/venus/women/tops/long_sleeve/high_low_tie_front_blouse
59,long_sleeve60,belted_sequin_top,https://www.venus.com/viewproduct.aspx?BRANCH=7~63~2052~&ProductDisplayID=65239,data/venus/women/tops/long_sleeve/belted_sequin_top
60,long_sleeve61,lace_bell_sleeve_top,https://www.venus.com/viewproduct.aspx?BRANCH=7~63~2052~&ProductDisplayID=43722,data/venus/women/tops/long_sleeve/lace_bell_sleeve_top
61,long_sleeve62,sequin_peplum_top,https://www.venus.com/viewproduct.aspx?BRANCH=7~63~2052~&ProductDisplayID=57423,data/venus/women/tops/long_sleeve/sequin_peplum_top
62,long_sleeve63,strappy_drape_back_top,https://www.venus.com/viewproduct.aspx?BRANCH=7~63~2052~&ProductDisplayID=68526,data/venus/women/tops/long_sleeve/strappy_drape_back_top
63,long_sleeve64,v-neck_cold_shoulder_top,https://www.venus.com/viewproduct.aspx?BRANCH=7~63~2052~&ProductDisplayID=63797,data/venus/women/tops/long_sleeve/v-neck_cold_shoulder_top
64,long_sleeve65,grommet_detail_surplice_top,https://www.venus.com/viewproduct.aspx?BRANCH=7~63~2052~&ProductDisplayID=71352,data/venus/women/tops/long_sleeve/grommet_detail_surplice_top
65,long_sleeve66,deep_v-neck_top,https://www.venus.com/viewproduct.aspx?BRANCH=7~63~2052~&ProductDisplayID=67357,data/venus/women/tops/long_sleeve/deep_v-neck_top
66,long_sleeve67,ruffle_off_the_shoulder_top,https://www.venus.com/viewproduct.aspx?BRANCH=7~63~2052~&ProductDisplayID=63824,data/venus/women/tops/long_sleeve/ruffle_off_the_shoulder_top
67,long_sleeve68,lace_detail_button_up_top,https://www.venus.com/viewproduct.aspx?BRANCH=7~63~2052~&ProductDisplayID=36541,data/venus/women/tops/long_sleeve/lace_detail_button_up_top
68,long_sleeve69,lace_cold_shoulder_top,https://www.venus.com/viewproduct.aspx?BRANCH=7~63~2052~&ProductDisplayID=49356,data/venus/women/tops/long_sleeve/lace_cold_shoulder_top
69,long_sleeve70,sequin_detail_mesh_top,https://www.venus.com/viewproduct.aspx?BRANCH=7~63~2052~&ProductDisplayID=57411,data/venus/women/tops/long_sleeve/sequin_detail_mesh_top
70,long_sleeve71,smocked_detail_top,https://www.venus.com/viewproduct.aspx?BRANCH=7~63~2052~&ProductDisplayID=55756,data/venus/women/tops/long_sleeve/smocked_detail_top
71,long_sleeve72,mesh_print_top,https://www.venus.com/viewproduct.aspx?BRANCH=7~63~2052~&ProductDisplayID=65210,data/venus/women/tops/long_sleeve/mesh_print_top
72,long_sleeve73,buckle_detail_top,https://www.venus.com/viewproduct.aspx?BRANCH=7~63~2052~&ProductDisplayID=58026,data/venus/women/tops/long_sleeve/buckle_detail_top
73,long_sleeve74,cold_shoulder_ruched_top,https://www.venus.com/viewproduct.aspx?BRANCH=7~63~2052~&ProductDisplayID=68807,data/venus/women/tops/long_sleeve/cold_shoulder_ruched_top
74,long_sleeve75,paisley_print_top,https://www.venus.com/viewproduct.aspx?BRANCH=7~63~2052~&ProductDisplayID=14907,data/venus/women/tops/long_sleeve/paisley_print_top
75,long_sleeve76,lace_detail_top,https://www.venus.com/viewproduct.aspx?BRANCH=7~63~2052~&ProductDisplayID=55238,data/venus/women/tops/long_sleeve/lace_detail_top
76,long_sleeve77,embellished_mesh_top_1,https://www.venus.com/viewproduct.aspx?BRANCH=7~63~2052~&ProductDisplayID=68818,data/venus/women/tops/long_sleeve/embellished_mesh_top_1
77,long_sleeve78,ruffle_detail_lace_top,https://www.venus.com/viewproduct.aspx?BRANCH=7~63~2052~&ProductDisplayID=67363,data/venus/women/tops/long_sleeve/ruffle_detail_lace_top
78,long_sleeve79,graphic_lounge_top,https://www.venus.com/viewproduct.aspx?BRANCH=7~63~2052~&ProductDisplayID=67777,data/venus/women/tops/long_sleeve/graphic_lounge_top
79,long_sleeve80,leopard_blouse,https://www.venus.com/viewproduct.aspx?BRANCH=7~63~2052~&ProductDisplayID=51817,data/venus/women/tops/long_sleeve/leopard_blouse
80,long_sleeve81,lace_keyhole_top,https://www.venus.com/viewproduct.aspx?BRANCH=7~63~2052~&ProductDisplayID=66715,data/venus/women/tops/long_sleeve/lace_keyhole_top
81,long_sleeve82,crochet_front_top,https://www.venus.com/viewproduct.aspx?BRANCH=7~63~2052~&ProductDisplayID=30196,data/venus/women/tops/long_sleeve/crochet_front_top
82,long_sleeve83,slash_detail_sweatshirt,https://www.venus.com/viewproduct.aspx?BRANCH=7~63~2052~&ProductDisplayID=65749,data/venus/women/tops/long_sleeve/slash_detail_sweatshirt
83,long_sleeve84,grommet_detail_sweatshirt,https://www.venus.com/viewproduct.aspx?BRANCH=7~63~2052~&ProductDisplayID=54777,data/venus/women/tops/long_sleeve/grommet_detail_sweatshirt
84,long_sleeve85,color_block_button_up_top,https://www.venus.com/viewproduct.aspx?BRANCH=7~63~2052~&ProductDisplayID=66682,data/venus/women/tops/long_sleeve/color_block_button_up_top
85,long_sleeve86,off_the_shoulder_sweatshirt,https://www.venus.com/viewproduct.aspx?BRANCH=7~63~2052~&ProductDisplayID=66301,data/venus/women/tops/long_sleeve/off_the_shoulder_sweatshirt
86,long_sleeve87,crochet_detail_ribbed_top,https://www.venus.com/viewproduct.aspx?BRANCH=7~63~2052~&ProductDisplayID=64094,data/venus/women/tops/long_sleeve/crochet_detail_ribbed_top
87,long_sleeve88,plaid_surplice_top,https://www.venus.com/viewproduct.aspx?BRANCH=7~63~2052~&ProductDisplayID=66716,data/venus/women/tops/long_sleeve/plaid_surplice_top
88,long_sleeve89,ruched_cut_out_top,https://www.venus.com/viewproduct.aspx?BRANCH=7~63~2052~&ProductDisplayID=67271,data/venus/women/tops/long_sleeve/ruched_cut_out_top
89,long_sleeve90,mesh_floral_print_top,https://www.venus.com/viewproduct.aspx?BRANCH=7~63~2052~&ProductDisplayID=68820,data/venus/women/tops/long_sleeve/mesh_floral_print_top
90,long_sleeve91,floral_bell_sleeve_top,https://www.venus.com/viewproduct.aspx?BRANCH=7~63~2052~&ProductDisplayID=68519,data/venus/women/tops/long_sleeve/floral_bell_sleeve_top
91,long_sleeve92,mesh_detail_top,https://www.venus.com/viewproduct.aspx?BRANCH=7~63~2052~&ProductDisplayID=62515,data/venus/women/tops/long_sleeve/mesh_detail_top
92,long_sleeve93,exaggerated_hem_lace_top,https://www.venus.com/viewproduct.aspx?BRANCH=7~63~2052~&ProductDisplayID=63749,data/venus/women/tops/long_sleeve/exaggerated_hem_lace_top
93,long_sleeve94,metallic_snake_print_top,https://www.venus.com/viewproduct.aspx?BRANCH=7~63~2052~&ProductDisplayID=67281,data/venus/women/tops/long_sleeve/metallic_snake_print_top
94,long_sleeve95,floral_lace_top,https://www.venus.com/viewproduct.aspx?BRANCH=7~63~2052~&ProductDisplayID=68520,data/venus/women/tops/long_sleeve/floral_lace_top
95,long_sleeve96,tie_front_high_low_top,https://www.venus.com/viewproduct.aspx?BRANCH=7~63~2052~&ProductDisplayID=65022,data/venus/women/tops/long_sleeve/tie_front_high_low_top
96,long_sleeve97,slash_detail_sweatshirt_1,https://www.venus.com/viewproduct.aspx?BRANCH=7~63~2052~&ProductDisplayID=39299,data/venus/women/tops/long_sleeve/slash_detail_sweatshirt_1
97,long_sleeve98,mock_neck_long_and_lean_tee,https://www.venus.com/viewproduct.aspx?BRANCH=7~63~2052~&ProductDisplayID=74104,data/venus/women/tops/long_sleeve/mock_neck_long_and_lean_tee
98,long_sleeve99,ribbed_cut_out_top,https://www.venus.com/viewproduct.aspx?BRANCH=7~63~2052~&ProductDisplayID=68578,data/venus/women/tops/long_sleeve/ribbed_cut_out_top
99,long_sleeve100,ruffle_sleeve_mock_neck_top,https://www.venus.com/viewproduct.aspx?BRANCH=7~63~2052~&ProductDisplayID=53129,data/venus/women/tops/long_sleeve/ruffle_sleeve_mock_neck_top
100,long_sleeve101,velvet_peplum_top,https://www.venus.com/viewproduct.aspx?BRANCH=7~63~2052~&ProductDisplayID=62508,data/venus/women/tops/long_sleeve/velvet_peplum_top
101,long_sleeve102,side_lace_up_top,https://www.venus.com/viewproduct.aspx?BRANCH=7~63~2052~&ProductDisplayID=41034,data/venus/women/tops/long_sleeve/side_lace_up_top
102,long_sleeve103,zip_detail_top,https://www.venus.com/viewproduct.aspx?BRANCH=7~63~2052~&ProductDisplayID=70215&clr=SPCO,data/venus/women/tops/long_sleeve/zip_detail_top
103,long_sleeve104,velvet_lace_bell_sleeve_top,https://www.venus.com/viewproduct.aspx?BRANCH=7~63~2052~&ProductDisplayID=66862,data/venus/women/tops/long_sleeve/velvet_lace_bell_sleeve_top
104,long_sleeve105,floral_printed_button_down,https://www.venus.com/viewproduct.aspx?BRANCH=7~63~2052~&ProductDisplayID=38799,data/venus/women/tops/long_sleeve/floral_printed_button_down
105,long_sleeve106,strappy_snake_print_top,https://www.venus.com/viewproduct.aspx?BRANCH=7~63~2052~&ProductDisplayID=68506,data/venus/women/tops/long_sleeve/strappy_snake_print_top
106,long_sleeve107,lace_sleeve_sweatshirt,https://www.venus.com/viewproduct.aspx?BRANCH=7~63~2052~&ProductDisplayID=63527,data/venus/women/tops/long_sleeve/lace_sleeve_sweatshirt
107,long_sleeve108,zip_detail_top_1,https://www.venus.com/viewproduct.aspx?BRANCH=7~63~2052~&ProductDisplayID=74975,data/venus/women/tops/long_sleeve/zip_detail_top_1
108,long_sleeve109,surplice_side_tie_top,https://www.venus.com/viewproduct.aspx?BRANCH=7~63~2052~&ProductDisplayID=45918,data/venus/women/tops/long_sleeve/surplice_side_tie_top
109,long_sleeve110,cold_shoulder_print_top,https://www.venus.com/viewproduct.aspx?BRANCH=7~63~2052~&ProductDisplayID=65217,data/venus/women/tops/long_sleeve/cold_shoulder_print_top
110,long_sleeve111,striped_sequin_peplum_top,https://www.venus.com/viewproduct.aspx?BRANCH=7~63~2052~&ProductDisplayID=74523,data/venus/women/tops/long_sleeve/striped_sequin_peplum_top
111,long_sleeve112,ruched_drawstring_top,https://www.venus.com/viewproduct.aspx?BRANCH=7~63~2052~&ProductDisplayID=64984,data/venus/women/tops/long_sleeve/ruched_drawstring_top
112,long_sleeve113,strappy_v-neck_top,https://www.venus.com/viewproduct.aspx?BRANCH=7~63~2052~&ProductDisplayID=68814,data/venus/women/tops/long_sleeve/strappy_v-neck_top
113,long_sleeve114,mesh_panel_top,https://www.venus.com/viewproduct.aspx?BRANCH=7~63~2052~&ProductDisplayID=66464,data/venus/women/tops/long_sleeve/mesh_panel_top
114,long_sleeve115,sequin_detail_mesh_top_1,https://www.venus.com/viewproduct.aspx?BRANCH=7~63~2052~&ProductDisplayID=63818,data/venus/women/tops/long_sleeve/sequin_detail_mesh_top_1
115,long_sleeve116,strappy_top,https://www.venus.com/viewproduct.aspx?BRANCH=7~63~2052~&ProductDisplayID=61737,data/venus/women/tops/long_sleeve/strappy_top
116,long_sleeve117,embellished_print_top,https://www.venus.com/viewproduct.aspx?BRANCH=7~63~2052~&ProductDisplayID=62520,data/venus/women/tops/long_sleeve/embellished_print_top
117,long_sleeve118,crochet_bell_sleeve_top,https://www.venus.com/viewproduct.aspx?BRANCH=7~63~2052~&ProductDisplayID=30825,data/venus/women/tops/long_sleeve/crochet_bell_sleeve_top
118,long_sleeve119,smocked_waist_tunic,https://www.venus.com/viewproduct.aspx?BRANCH=7~63~2052~&ProductDisplayID=67724,data/venus/women/tops/long_sleeve/smocked_waist_tunic
119,long_sleeve120,ribbed_v-neck_choker_top,https://www.venus.com/viewproduct.aspx?BRANCH=7~63~2052~&ProductDisplayID=66547,data/venus/women/tops/long_sleeve/ribbed_v-neck_choker_top
120,long_sleeve121,tunic_length_zip_up_hoodie,https://www.venus.com/viewproduct.aspx?BRANCH=7~63~2052~&ProductDisplayID=68244,data/venus/women/tops/long_sleeve/tunic_length_zip_up_hoodie
121,long_sleeve122,leopard_print_blouse,https://www.venus.com/viewproduct.aspx?BRANCH=7~63~2052~&ProductDisplayID=66718,data/venus/women/tops/long_sleeve/leopard_print_blouse
122,long_sleeve123,graphic_print_top,https://www.venus.com/viewproduct.aspx?BRANCH=7~63~2052~&ProductDisplayID=54297,data/venus/women/tops/long_sleeve/graphic_print_top
123,long_sleeve124,strappy_detail_top_1,https://www.venus.com/viewproduct.aspx?BRANCH=7~63~2052~&ProductDisplayID=63796,data/venus/women/tops/long_sleeve/strappy_detail_top_1
124,long_sleeve125,tie_front_ring_detail_top,https://www.venus.com/viewproduct.aspx?BRANCH=7~63~2052~&ProductDisplayID=74883,data/venus/women/tops/long_sleeve/tie_front_ring_detail_top
125,long_sleeve126,cut_out_detail_hoodie,https://www.venus.com/viewproduct.aspx?BRANCH=7~63~2052~&ProductDisplayID=53886,data/venus/women/tops/long_sleeve/cut_out_detail_hoodie
126,long_sleeve127,cut_out_long_sleeve_top,https://www.venus.com/viewproduct.aspx?BRANCH=7~63~2052~&ProductDisplayID=41121,data/venus/women/tops/long_sleeve/cut_out_long_sleeve_top
127,long_sleeve128,puff_sleeve_floral_top,https://www.venus.com/viewproduct.aspx?BRANCH=7~63~2052~&ProductDisplayID=68517,data/venus/women/tops/long_sleeve/puff_sleeve_floral_top
128,long_sleeve129,one_shoulder_lounge_top,https://www.venus.com/viewproduct.aspx?BRANCH=7~63~2052~&ProductDisplayID=56032,data/venus/women/tops/long_sleeve/one_shoulder_lounge_top
129,long_sleeve130,strappy_lace_bodysuit,https://www.venus.com/viewproduct.aspx?BRANCH=7~63~2052~&ProductDisplayID=66868,data/venus/women/tops/long_sleeve/strappy_lace_bodysuit
130,long_sleeve131,mesh_detail_surplice_top,https://www.venus.com/viewproduct.aspx?BRANCH=7~63~2052~&ProductDisplayID=63755&clr=ANBK,data/venus/women/tops/long_sleeve/mesh_detail_surplice_top
131,long_sleeve132,mesh_detail_surplice_tunic,https://www.venus.com/viewproduct.aspx?BRANCH=7~63~2052~&ProductDisplayID=64929,data/venus/women/tops/long_sleeve/mesh_detail_surplice_tunic
132,long_sleeve133,color_block_peplum_top,https://www.venus.com/viewproduct.aspx?BRANCH=7~63~2052~&ProductDisplayID=66683,data/venus/women/tops/long_sleeve/color_block_peplum_top
133,long_sleeve134,lace_bell_sleeve_top_1,https://www.venus.com/viewproduct.aspx?BRANCH=7~63~2052~&ProductDisplayID=58033,data/venus/women/tops/long_sleeve/lace_bell_sleeve_top_1
134,long_sleeve135,off_the_shoulder_top_4,https://www.venus.com/viewproduct.aspx?BRANCH=7~63~2052~&ProductDisplayID=56599,data/venus/women/tops/long_sleeve/off_the_shoulder_top_4
135,long_sleeve136,floral_tie_front_blouse,https://www.venus.com/viewproduct.aspx?BRANCH=7~63~2052~&ProductDisplayID=68828,data/venus/women/tops/long_sleeve/floral_tie_front_blouse
136,long_sleeve137,leopard_cut_out_top,https://www.venus.com/viewproduct.aspx?BRANCH=7~63~2052~&ProductDisplayID=62506,data/venus/women/tops/long_sleeve/leopard_cut_out_top
137,long_sleeve138,long_sleeve_flounce_top,https://www.venus.com/viewproduct.aspx?BRANCH=7~63~2052~&ProductDisplayID=54389,data/venus/women/tops/long_sleeve/long_sleeve_flounce_top
138,long_sleeve139,ring_detail_keyhole_top,https://www.venus.com/viewproduct.aspx?BRANCH=7~63~2052~&ProductDisplayID=55277,data/venus/women/tops/long_sleeve/ring_detail_keyhole_top
139,long_sleeve140,velvet_strappy_top,https://www.venus.com/viewproduct.aspx?BRANCH=7~63~2052~&ProductDisplayID=74217,data/venus/women/tops/long_sleeve/velvet_strappy_top
140,long_sleeve141,embellished_shoulder_top,https://www.venus.com/viewproduct.aspx?BRANCH=7~63~2052~&ProductDisplayID=65213,data/venus/women/tops/long_sleeve/embellished_shoulder_top
141,long_sleeve142,snake_print_surplice_top,https://www.venus.com/viewproduct.aspx?BRANCH=7~63~2052~&ProductDisplayID=66713,data/venus/women/tops/long_sleeve/snake_print_surplice_top
142,long_sleeve143,pleated_cold_shoulder_top,https://www.venus.com/viewproduct.aspx?BRANCH=7~63~2052~&ProductDisplayID=57979,data/venus/women/tops/long_sleeve/pleated_cold_shoulder_top
143,long_sleeve144,keyhole_cold_shoulder_top,https://www.venus.com/viewproduct.aspx?BRANCH=7~63~2052~&ProductDisplayID=55287,data/venus/women/tops/long_sleeve/keyhole_cold_shoulder_top
144,long_sleeve145,trumpet_sleeve_top,https://www.venus.com/viewproduct.aspx?BRANCH=7~63~2052~&ProductDisplayID=55278,data/venus/women/tops/long_sleeve/trumpet_sleeve_top
145,long_sleeve146,faux_leather_zipper_top,https://www.venus.com/viewproduct.aspx?BRANCH=7~63~2052~&ProductDisplayID=54234,data/venus/women/tops/long_sleeve/faux_leather_zipper_top
146,long_sleeve147,twofer_blouse,https://www.venus.com/viewproduct.aspx?BRANCH=7~63~2052~&ProductDisplayID=62598,data/venus/women/tops/long_sleeve/twofer_blouse
147,long_sleeve148,mixed_media_button_up_top,https://www.venus.com/viewproduct.aspx?BRANCH=7~63~2052~&ProductDisplayID=50237,data/venus/women/tops/long_sleeve/mixed_media_button_up_top
148,long_sleeve149,lace_henley_ribbed_top,https://www.venus.com/viewproduct.aspx?BRANCH=7~63~2052~&ProductDisplayID=67378,data/venus/women/tops/long_sleeve/lace_henley_ribbed_top
149,long_sleeve150,lace_detail_lace_up_top,https://www.venus.com/viewproduct.aspx?BRANCH=7~63~2052~&ProductDisplayID=63819,data/venus/women/tops/long_sleeve/lace_detail_lace_up_top
150,long_sleeve151,lace_detail_sweatshirt,https://www.venus.com/viewproduct.aspx?BRANCH=7~63~2052~&ProductDisplayID=68250,data/venus/women/tops/long_sleeve/lace_detail_sweatshirt
151,long_sleeve152,glitter_mesh_top,https://www.venus.com/viewproduct.aspx?BRANCH=7~63~2052~&ProductDisplayID=68809,data/venus/women/tops/long_sleeve/glitter_mesh_top
152,long_sleeve153,lace_ruffle_blouse,https://www.venus.com/viewproduct.aspx?BRANCH=7~63~2052~&ProductDisplayID=55068,data/venus/women/tops/long_sleeve/lace_ruffle_blouse
153,long_sleeve154,bell_sleeve_top,https://www.venus.com/viewproduct.aspx?BRANCH=7~63~2052~&ProductDisplayID=57981,data/venus/women/tops/long_sleeve/bell_sleeve_top
154,long_sleeve155,crochet_side_tie_top,https://www.venus.com/viewproduct.aspx?BRANCH=7~63~2052~&ProductDisplayID=54300,data/venus/women/tops/long_sleeve/crochet_side_tie_top
155,long_sleeve156,lace_bell_sleeve_top_2,https://www.venus.com/viewproduct.aspx?BRANCH=7~63~2052~&ProductDisplayID=55428,data/venus/women/tops/long_sleeve/lace_bell_sleeve_top_2
156,long_sleeve157,deep_v-neck_bell_sleeve_top,https://www.venus.com/viewproduct.aspx?BRANCH=7~63~2052~&ProductDisplayID=67383,data/venus/women/tops/long_sleeve/deep_v-neck_bell_sleeve_top
157,long_sleeve158,cold_shoulder_zip_front_top,https://www.venus.com/viewproduct.aspx?BRANCH=7~63~2052~&ProductDisplayID=66870,data/venus/women/tops/long_sleeve/cold_shoulder_zip_front_top
158,long_sleeve159,wrap_detail_top,https://www.venus.com/viewproduct.aspx?BRANCH=7~63~2052~&ProductDisplayID=51775,data/venus/women/tops/long_sleeve/wrap_detail_top
159,long_sleeve160,strappy_detail_top_2,https://www.venus.com/viewproduct.aspx?BRANCH=7~63~2052~&ProductDisplayID=62600,data/venus/women/tops/long_sleeve/strappy_detail_top_2
160,long_sleeve161,ribbed_v-neck_top,https://www.venus.com/viewproduct.aspx?BRANCH=7~63~2052~&ProductDisplayID=29497,data/venus/women/tops/long_sleeve/ribbed_v-neck_top
161,long_sleeve162,crochet_long_sleeve_top,https://www.venus.com/viewproduct.aspx?BRANCH=7~63~2052~&ProductDisplayID=61342,data/venus/women/tops/long_sleeve/crochet_long_sleeve_top
162,long_sleeve163,off_the_shoulder_top_5,https://www.venus.com/viewproduct.aspx?BRANCH=7~63~2052~&ProductDisplayID=53666,data/venus/women/tops/long_sleeve/off_the_shoulder_top_5
163,long_sleeve164,cold_shoulder_lounge_hoodie,https://www.venus.com/viewproduct.aspx?BRANCH=7~63~2052~&ProductDisplayID=61491,data/venus/women/tops/long_sleeve/cold_shoulder_lounge_hoodie
164,long_sleeve165,off_the_shoulder_sweatshirt_1,https://www.venus.com/viewproduct.aspx?BRANCH=7~63~2052~&ProductDisplayID=56060,data/venus/women/tops/long_sleeve/off_the_shoulder_sweatshirt_1
165,long_sleeve166,sequin_poncho_top,https://www.venus.com/viewproduct.aspx?BRANCH=7~63~2052~&ProductDisplayID=53105,data/venus/women/tops/long_sleeve/sequin_poncho_top
166,long_sleeve167,ruched_detail_cut_out_top,https://www.venus.com/viewproduct.aspx?BRANCH=7~63~2052~&ProductDisplayID=66866,data/venus/women/tops/long_sleeve/ruched_detail_cut_out_top
167,long_sleeve168,knot_front_bell_sleeve_top,https://www.venus.com/viewproduct.aspx?BRANCH=7~63~2052~&ProductDisplayID=56793,data/venus/women/tops/long_sleeve/knot_front_bell_sleeve_top
168,long_sleeve169,v-neck_pleated_top,https://www.venus.com/viewproduct.aspx?BRANCH=7~63~2052~&ProductDisplayID=68573,data/venus/women/tops/long_sleeve/v-neck_pleated_top
169,long_sleeve170,lace_up_detail_top,https://www.venus.com/viewproduct.aspx?BRANCH=7~63~2052~&ProductDisplayID=55245,data/venus/women/tops/long_sleeve/lace_up_detail_top
170,long_sleeve171,cold_shoulder_top_1,https://www.venus.com/viewproduct.aspx?BRANCH=7~63~2052~&ProductDisplayID=61701,data/venus/women/tops/long_sleeve/cold_shoulder_top_1
171,long_sleeve172,crochet_button_henley,https://www.venus.com/viewproduct.aspx?BRANCH=7~63~2052~&ProductDisplayID=63588,data/venus/women/tops/long_sleeve/crochet_button_henley
172,long_sleeve173,embellished_heart_tee,https://www.venus.com/viewproduct.aspx?BRANCH=7~63~2052~&ProductDisplayID=66553,data/venus/women/tops/long_sleeve/embellished_heart_tee
173,long_sleeve174,bell_sleeve_keyhole_top,https://www.venus.com/viewproduct.aspx?BRANCH=7~63~2052~&ProductDisplayID=61456,data/venus/women/tops/long_sleeve/bell_sleeve_keyhole_top
174,long_sleeve175,off_the_shoulder_print_top,https://www.venus.com/viewproduct.aspx?BRANCH=7~63~2052~&ProductDisplayID=64002,data/venus/women/tops/long_sleeve/off_the_shoulder_print_top
175,long_sleeve176,tweed_detail_lace_top,https://www.venus.com/viewproduct.aspx?BRANCH=7~63~2052~&ProductDisplayID=66456,data/venus/women/tops/long_sleeve/tweed_detail_lace_top
176,long_sleeve177,cold_shoulder_lounge_top,https://www.venus.com/viewproduct.aspx?BRANCH=7~63~2052~&ProductDisplayID=66224,data/venus/women/tops/long_sleeve/cold_shoulder_lounge_top
177,long_sleeve178,ruched_off_the_shoulder_top,https://www.venus.com/viewproduct.aspx?BRANCH=7~63~2052~&ProductDisplayID=62628,data/venus/women/tops/long_sleeve/ruched_off_the_shoulder_top
178,long_sleeve179,lace_up_peplum_top,https://www.venus.com/viewproduct.aspx?BRANCH=7~63~2052~&ProductDisplayID=64145,data/venus/women/tops/long_sleeve/lace_up_peplum_top
179,long_sleeve180,sleeve_detail_top,https://www.venus.com/viewproduct.aspx?BRANCH=7~63~2052~&ProductDisplayID=35648,data/venus/women/tops/long_sleeve/sleeve_detail_top
180,long_sleeve181,tie_front_top,https://www.venus.com/viewproduct.aspx?BRANCH=7~63~2052~&ProductDisplayID=67373,data/venus/women/tops/long_sleeve/tie_front_top
181,long_sleeve182,lace_trim_top,https://www.venus.com/viewproduct.aspx?BRANCH=7~63~2052~&ProductDisplayID=61203,data/venus/women/tops/long_sleeve/lace_trim_top
182,long_sleeve183,lace_detail_tie_front_top,https://www.venus.com/viewproduct.aspx?BRANCH=7~63~2052~&ProductDisplayID=60589,data/venus/women/tops/long_sleeve/lace_detail_tie_front_top
183,long_sleeve184,tie_neck_lace_top,https://www.venus.com/viewproduct.aspx?BRANCH=7~63~2052~&ProductDisplayID=68504,data/venus/women/tops/long_sleeve/tie_neck_lace_top
184,long_sleeve185,crochet_bell_sleeve_top_1,https://www.venus.com/viewproduct.aspx?BRANCH=7~63~2052~&ProductDisplayID=66703,data/venus/women/tops/long_sleeve/crochet_bell_sleeve_top_1
185,long_sleeve186,one_shoulder_print_top,https://www.venus.com/viewproduct.aspx?BRANCH=7~63~2052~&ProductDisplayID=65228,data/venus/women/tops/long_sleeve/one_shoulder_print_top
186,long_sleeve187,lace_mock_neck_top,https://www.venus.com/viewproduct.aspx?BRANCH=7~63~2052~&ProductDisplayID=56525,data/venus/women/tops/long_sleeve/lace_mock_neck_top
187,long_sleeve188,cold_shoulder_sweatshirt,https://www.venus.com/viewproduct.aspx?BRANCH=7~63~2052~&ProductDisplayID=54780,data/venus/women/tops/long_sleeve/cold_shoulder_sweatshirt
188,long_sleeve189,lace_up_smocked_waist_top,https://www.venus.com/viewproduct.aspx?BRANCH=7~63~2052~&ProductDisplayID=44745,data/venus/women/tops/long_sleeve/lace_up_smocked_waist_top
189,long_sleeve190,strappy_front_surplice_top,https://www.venus.com/viewproduct.aspx?BRANCH=7~63~2052~&ProductDisplayID=61703,data/venus/women/tops/long_sleeve/strappy_front_surplice_top
190,long_sleeve191,embellished_lace_cardigan,https://www.venus.com/viewproduct.aspx?BRANCH=7~63~2052~&ProductDisplayID=64838,data/venus/women/tops/long_sleeve/embellished_lace_cardigan
191,long_sleeve192,lace_up_mock_neck_top,https://www.venus.com/viewproduct.aspx?BRANCH=7~63~2052~&ProductDisplayID=66546,data/venus/women/tops/long_sleeve/lace_up_mock_neck_top
192,long_sleeve193,racerback_lounge_hoodie,https://www.venus.com/viewproduct.aspx?BRANCH=7~63~2052~&ProductDisplayID=65753,data/venus/women/tops/long_sleeve/racerback_lounge_hoodie
193,long_sleeve194,embellished_cut_out_top,https://www.venus.com/viewproduct.aspx?BRANCH=7~63~2052~&ProductDisplayID=55641,data/venus/women/tops/long_sleeve/embellished_cut_out_top
194,long_sleeve195,zip_detail_top_2,https://www.venus.com/viewproduct.aspx?BRANCH=7~63~2052~&ProductDisplayID=65622,data/venus/women/tops/long_sleeve/zip_detail_top_2
195,long_sleeve196,strappy_back_tie_dye_top,https://www.venus.com/viewproduct.aspx?BRANCH=7~63~2052~&ProductDisplayID=50480,data/venus/women/tops/long_sleeve/strappy_back_tie_dye_top
196,long_sleeve197,high_low_plaid_top,https://www.venus.com/viewproduct.aspx?BRANCH=7~63~2052~&ProductDisplayID=74879,data/venus/women/tops/long_sleeve/high_low_plaid_top
197,long_sleeve198,tie_dye_tie_front_top,https://www.venus.com/viewproduct.aspx?BRANCH=7~63~2052~&ProductDisplayID=67950,data/venus/women/tops/long_sleeve/tie_dye_tie_front_top
198,long_sleeve199,one_shoulder_top,https://www.venus.com/viewproduct.aspx?BRANCH=7~63~2052~&ProductDisplayID=59799,data/venus/women/tops/long_sleeve/one_shoulder_top
199,long_sleeve200,strappy_detail_top_3,https://www.venus.com/viewproduct.aspx?BRANCH=7~63~2052~&ProductDisplayID=64948,data/venus/women/tops/long_sleeve/strappy_detail_top_3
200,long_sleeve201,tie_front_blouse,https://www.venus.com/viewproduct.aspx?BRANCH=7~63~2052~&ProductDisplayID=59352,data/venus/women/tops/long_sleeve/tie_front_blouse
201,long_sleeve202,ruffle_sleeve_bodysuit,https://www.venus.com/viewproduct.aspx?BRANCH=7~63~2052~&ProductDisplayID=74212,data/venus/women/tops/long_sleeve/ruffle_sleeve_bodysuit
202,long_sleeve203,lace_up_sweatshirt,https://www.venus.com/viewproduct.aspx?BRANCH=7~63~2052~&ProductDisplayID=61951,data/venus/women/tops/long_sleeve/lace_up_sweatshirt
203,long_sleeve204,cut_out_detail_ribbed_top,https://www.venus.com/viewproduct.aspx?BRANCH=7~63~2052~&ProductDisplayID=65623,data/venus/women/tops/long_sleeve/cut_out_detail_ribbed_top
204,long_sleeve205,lace_cold_shoulder_top_1,https://www.venus.com/viewproduct.aspx?BRANCH=7~63~2052~&ProductDisplayID=68895,data/venus/women/tops/long_sleeve/lace_cold_shoulder_top_1
205,long_sleeve206,mesh_overlay_leopard_top,https://www.venus.com/viewproduct.aspx?BRANCH=7~63~2052~&ProductDisplayID=68804,data/venus/women/tops/long_sleeve/mesh_overlay_leopard_top
206,long_sleeve207,keyhole_print_top,https://www.venus.com/viewproduct.aspx?BRANCH=7~63~2052~&ProductDisplayID=65226,data/venus/women/tops/long_sleeve/keyhole_print_top
207,long_sleeve208,lace_up_square_neck_top,https://www.venus.com/viewproduct.aspx?BRANCH=7~63~2052~&ProductDisplayID=64985,data/venus/women/tops/long_sleeve/lace_up_square_neck_top
208,long_sleeve209,embellished_blouse,https://www.venus.com/viewproduct.aspx?BRANCH=7~63~2052~&ProductDisplayID=62955,data/venus/women/tops/long_sleeve/embellished_blouse
209,long_sleeve210,cold_shoulder_floral_top,https://www.venus.com/viewproduct.aspx?BRANCH=7~63~2052~&ProductDisplayID=74218,data/venus/women/tops/long_sleeve/cold_shoulder_floral_top
210,long_sleeve211,lace_detail_surplice_top,https://www.venus.com/viewproduct.aspx?BRANCH=7~63~2052~&ProductDisplayID=65297,data/venus/women/tops/long_sleeve/lace_detail_surplice_top
211,long_sleeve212,cold_shoulder_ruched_top_1,https://www.venus.com/viewproduct.aspx?BRANCH=7~63~2052~&ProductDisplayID=65301,data/venus/women/tops/long_sleeve/cold_shoulder_ruched_top_1
212,long_sleeve213,ribbed_mock_neck_top,https://www.venus.com/viewproduct.aspx?BRANCH=7~63~2052~&ProductDisplayID=64941,data/venus/women/tops/long_sleeve/ribbed_mock_neck_top
213,long_sleeve214,ribbed_cardigan,https://www.venus.com/viewproduct.aspx?BRANCH=7~63~2052~&ProductDisplayID=64555,data/venus/women/tops/long_sleeve/ribbed_cardigan
214,long_sleeve215,sequin_detail_velvet_top,https://www.venus.com/viewproduct.aspx?BRANCH=7~63~2052~&ProductDisplayID=56596,data/venus/women/tops/long_sleeve/sequin_detail_velvet_top
215,long_sleeve216,embellished_bell_sleeve_top,https://www.venus.com/viewproduct.aspx?BRANCH=7~63~2052~&ProductDisplayID=65305,data/venus/women/tops/long_sleeve/embellished_bell_sleeve_top
216,long_sleeve217,lace_ruffle_blouse_1,https://www.venus.com/viewproduct.aspx?BRANCH=7~63~2052~&ProductDisplayID=66561,data/venus/women/tops/long_sleeve/lace_ruffle_blouse_1
217,long_sleeve218,lace_trim_top_1,https://www.venus.com/viewproduct.aspx?BRANCH=7~63~2052~&ProductDisplayID=68891,data/venus/women/tops/long_sleeve/lace_trim_top_1
218,long_sleeve219,leopard_lace_up_lounge_top,https://www.venus.com/viewproduct.aspx?BRANCH=7~63~2052~&ProductDisplayID=56033,data/venus/women/tops/long_sleeve/leopard_lace_up_lounge_top
219,long_sleeve220,color_block_sweatshirt,https://www.venus.com/viewproduct.aspx?BRANCH=7~63~2052~&ProductDisplayID=73056,data/venus/women/tops/long_sleeve/color_block_sweatshirt
220,long_sleeve221,tie_front_top_1,https://www.venus.com/viewproduct.aspx?BRANCH=7~63~2052~&ProductDisplayID=54093,data/venus/women/tops/long_sleeve/tie_front_top_1
221,long_sleeve222,embellished_lace_up_top,https://www.venus.com/viewproduct.aspx?BRANCH=7~63~2052~&ProductDisplayID=64839,data/venus/women/tops/long_sleeve/embellished_lace_up_top
222,long_sleeve223,strappy_cold_shoulder_top,https://www.venus.com/viewproduct.aspx?BRANCH=7~63~2052~&ProductDisplayID=74516,data/venus/women/tops/long_sleeve/strappy_cold_shoulder_top
223,long_sleeve224,crisscross_neck_top,https://www.venus.com/viewproduct.aspx?BRANCH=7~63~2052~&ProductDisplayID=60823,data/venus/women/tops/long_sleeve/crisscross_neck_top
224,long_sleeve225,cold_shoulder_blouse,https://www.venus.com/viewproduct.aspx?BRANCH=7~63~2052~&ProductDisplayID=56536,data/venus/women/tops/long_sleeve/cold_shoulder_blouse
225,long_sleeve226,one_shoulder_glitter_top,https://www.venus.com/viewproduct.aspx?BRANCH=7~63~2052~&ProductDisplayID=74210,data/venus/women/tops/long_sleeve/one_shoulder_glitter_top
226,long_sleeve227,crochet_off_shoulder_top,https://www.venus.com/viewproduct.aspx?BRANCH=7~63~2052~&ProductDisplayID=55066,data/venus/women/tops/long_sleeve/crochet_off_shoulder_top
227,long_sleeve228,slit_detail_top,https://www.venus.com/viewproduct.aspx?BRANCH=7~63~2052~&ProductDisplayID=57973,data/venus/women/tops/long_sleeve/slit_detail_top
228,long_sleeve229,crop_top_wrap_sweatshirt,https://www.venus.com/viewproduct.aspx?BRANCH=7~63~2052~&ProductDisplayID=58178,data/venus/women/tops/long_sleeve/crop_top_wrap_sweatshirt
229,long_sleeve230,asymmetrical_wrap_top,https://www.venus.com/viewproduct.aspx?BRANCH=7~63~2052~&ProductDisplayID=74535&clr=CHRD,data/venus/women/tops/long_sleeve/asymmetrical_wrap_top
230,long_sleeve231,off_the_shoulder_top_6,https://www.venus.com/viewproduct.aspx?BRANCH=7~63~2052~&ProductDisplayID=58725,data/venus/women/tops/long_sleeve/off_the_shoulder_top_6
231,long_sleeve232,cold_shoulder_wrap_top,https://www.venus.com/viewproduct.aspx?BRANCH=7~63~2052~&ProductDisplayID=58652,data/venus/women/tops/long_sleeve/cold_shoulder_wrap_top
232,long_sleeve233,cold_shoulder_strappy_top,https://www.venus.com/viewproduct.aspx?BRANCH=7~63~2052~&ProductDisplayID=65299&clr=SMPR,data/venus/women/tops/long_sleeve/cold_shoulder_strappy_top
233,long_sleeve234,strappy_back_detail_top,https://www.venus.com/viewproduct.aspx?BRANCH=7~63~2052~&ProductDisplayID=62602,data/venus/women/tops/long_sleeve/strappy_back_detail_top
234,long_sleeve235,gingham_print_top,https://www.venus.com/viewproduct.aspx?BRANCH=7~63~2052~&ProductDisplayID=64001,data/venus/women/tops/long_sleeve/gingham_print_top
235,long_sleeve236,cold_shoulder_twist_top,https://www.venus.com/viewproduct.aspx?BRANCH=7~63~2052~&ProductDisplayID=74517,data/venus/women/tops/long_sleeve/cold_shoulder_twist_top
236,long_sleeve237,lace_detail_mock_neck_top_1,https://www.venus.com/viewproduct.aspx?BRANCH=7~63~2052~&ProductDisplayID=57410,data/venus/women/tops/long_sleeve/lace_detail_mock_neck_top_1
237,long_sleeve238,embroidered_blouse,https://www.venus.com/viewproduct.aspx?BRANCH=7~63~2052~&ProductDisplayID=66569,data/venus/women/tops/long_sleeve/embroidered_blouse
238,long_sleeve239,leopard_bell_sleeve_top,https://www.venus.com/viewproduct.aspx?BRANCH=7~63~2052~&ProductDisplayID=52460,data/venus/women/tops/long_sleeve/leopard_bell_sleeve_top
239,long_sleeve240,ruched_asymmetrical_top,https://www.venus.com/viewproduct.aspx?BRANCH=7~63~2052~&ProductDisplayID=66181,data/venus/women/tops/long_sleeve/ruched_asymmetrical_top
240,long_sleeve241,color_block_blouse,https://www.venus.com/viewproduct.aspx?BRANCH=7~63~2052~&ProductDisplayID=66863,data/venus/women/tops/long_sleeve/color_block_blouse
241,long_sleeve242,open_back_top,https://www.venus.com/viewproduct.aspx?BRANCH=7~63~2052~&ProductDisplayID=49061,data/venus/women/tops/long_sleeve/open_back_top
242,long_sleeve243,draped_sleeve_print_top,https://www.venus.com/viewproduct.aspx?BRANCH=7~63~2052~&ProductDisplayID=64935,data/venus/women/tops/long_sleeve/draped_sleeve_print_top
243,long_sleeve244,cropped_tie_front_button_up_top,https://www.venus.com/viewproduct.aspx?BRANCH=7~63~2052~&ProductDisplayID=64154,data/venus/women/tops/long_sleeve/cropped_tie_front_button_up_top
244,long_sleeve245,embroidered_detail_top,https://www.venus.com/viewproduct.aspx?BRANCH=7~63~2052~&ProductDisplayID=55293,data/venus/women/tops/long_sleeve/embroidered_detail_top
245,long_sleeve246,grommet_detail_cut_out_top,https://www.venus.com/viewproduct.aspx?BRANCH=7~63~2052~&ProductDisplayID=73925,data/venus/women/tops/long_sleeve/grommet_detail_cut_out_top
246,long_sleeve247,square_neck_top,https://www.venus.com/viewproduct.aspx?BRANCH=7~63~2052~&ProductDisplayID=65311,data/venus/women/tops/long_sleeve/square_neck_top
247,long_sleeve248,lace_detail_top_1,https://www.venus.com/viewproduct.aspx?BRANCH=7~63~2052~&ProductDisplayID=53175,data/venus/women/tops/long_sleeve/lace_detail_top_1
248,long_sleeve249,sleeve_detailed_top,https://www.venus.com/viewproduct.aspx?BRANCH=7~63~2052~&ProductDisplayID=21471,data/venus/women/tops/long_sleeve/sleeve_detailed_top
249,long_sleeve250,tie_dye_knot_sweatshirt,https://www.venus.com/viewproduct.aspx?BRANCH=7~63~2052~&ProductDisplayID=73681,data/venus/women/tops/long_sleeve/tie_dye_knot_sweatshirt
250,long_sleeve251,stripe_off_the_shoulder_top,https://www.venus.com/viewproduct.aspx?BRANCH=7~63~2052~&ProductDisplayID=50091,data/venus/women/tops/long_sleeve/stripe_off_the_shoulder_top
251,long_sleeve252,ruffle_detail_top,https://www.venus.com/viewproduct.aspx?BRANCH=7~63~2052~&ProductDisplayID=57451,data/venus/women/tops/long_sleeve/ruffle_detail_top
252,long_sleeve253,seas_the_day_lounge_set,https://www.venus.com/viewproduct.aspx?BRANCH=7~63~2052~&ProductDisplayID=41846,data/venus/women/tops/long_sleeve/seas_the_day_lounge_set
253,long_sleeve254,belted_surplice_top,https://www.venus.com/viewproduct.aspx?BRANCH=7~63~2052~&ProductDisplayID=56856,data/venus/women/tops/long_sleeve/belted_surplice_top
254,long_sleeve255,zip_up_plaid_top,https://www.venus.com/viewproduct.aspx?BRANCH=7~63~2052~&ProductDisplayID=64946,data/venus/women/tops/long_sleeve/zip_up_plaid_top
255,long_sleeve256,decorative_crochet_detail_top,https://www.venus.com/viewproduct.aspx?BRANCH=7~63~2052~&ProductDisplayID=64928,data/venus/women/tops/long_sleeve/decorative_crochet_detail_top
256,long_sleeve257,sequin_star_sweatshirt,https://www.venus.com/viewproduct.aspx?BRANCH=7~63~2052~&ProductDisplayID=58987,data/venus/women/tops/long_sleeve/sequin_star_sweatshirt
257,long_sleeve258,crochet_cold_shoulder_top_1,https://www.venus.com/viewproduct.aspx?BRANCH=7~63~2052~&ProductDisplayID=58035,data/venus/women/tops/long_sleeve/crochet_cold_shoulder_top_1
258,long_sleeve259,off_the_shoulder_top_7,https://www.venus.com/viewproduct.aspx?BRANCH=7~63~2052~&ProductDisplayID=48065,data/venus/women/tops/long_sleeve/off_the_shoulder_top_7
259,long_sleeve260,tie_front_maxi_top,https://www.venus.com/viewproduct.aspx?BRANCH=7~63~2052~&ProductDisplayID=59806,data/venus/women/tops/long_sleeve/tie_front_maxi_top
260,long_sleeve261,ombre_cold_shoulder_top,https://www.venus.com/viewproduct.aspx?BRANCH=7~63~2052~&ProductDisplayID=48430,data/venus/women/tops/long_sleeve/ombre_cold_shoulder_top
261,long_sleeve262,velvet_and_lace_top,https://www.venus.com/viewproduct.aspx?BRANCH=7~63~2052~&ProductDisplayID=74215,data/venus/women/tops/long_sleeve/velvet_and_lace_top
262,long_sleeve263,smocked_lace_top,https://www.venus.com/viewproduct.aspx?BRANCH=7~63~2052~&ProductDisplayID=61179,data/venus/women/tops/long_sleeve/smocked_lace_top
263,long_sleeve264,off_the_shoulder_denim_top,https://www.venus.com/viewproduct.aspx?BRANCH=7~63~2052~&ProductDisplayID=59437,data/venus/women/tops/long_sleeve/off_the_shoulder_denim_top
264,long_sleeve265,tiered_sleeve_smocked_top,https://www.venus.com/viewproduct.aspx?BRANCH=7~63~2052~&ProductDisplayID=70797,data/venus/women/tops/long_sleeve/tiered_sleeve_smocked_top
265,long_sleeve266,long_sleeve_wrap_crop_top,https://www.venus.com/viewproduct.aspx?BRANCH=7~63~2052~&ProductDisplayID=64586,data/venus/women/tops/long_sleeve/long_sleeve_wrap_crop_top
266,long_sleeve267,cold_shoulder_sweatshirt_1,https://www.venus.com/viewproduct.aspx?BRANCH=7~63~2052~&ProductDisplayID=58208,data/venus/women/tops/long_sleeve/cold_shoulder_sweatshirt_1
267,long_sleeve268,off_the_shoulder_tunic,https://www.venus.com/viewproduct.aspx?BRANCH=7~63~2052~&ProductDisplayID=56858,data/venus/women/tops/long_sleeve/off_the_shoulder_tunic
268,long_sleeve269,lace_bell_sleeve_top_3,https://www.venus.com/viewproduct.aspx?BRANCH=7~63~2052~&ProductDisplayID=58434,data/venus/women/tops/long_sleeve/lace_bell_sleeve_top_3
269,long_sleeve270,tie_dye_fringe_top,https://www.venus.com/viewproduct.aspx?BRANCH=7~63~2052~&ProductDisplayID=73831,data/venus/women/tops/long_sleeve/tie_dye_fringe_top
270,long_sleeve271,embellished_print_top_1,https://www.venus.com/viewproduct.aspx?BRANCH=7~63~2052~&ProductDisplayID=56526,data/venus/women/tops/long_sleeve/embellished_print_top_1
271,long_sleeve272,cold_shoulder_button_up_top,https://www.venus.com/viewproduct.aspx?BRANCH=7~63~2052~&ProductDisplayID=56801,data/venus/women/tops/long_sleeve/cold_shoulder_button_up_top
272,long_sleeve273,crochet_cold_shoulder_top_2,https://www.venus.com/viewproduct.aspx?BRANCH=7~63~2052~&ProductDisplayID=64949,data/venus/women/tops/long_sleeve/crochet_cold_shoulder_top_2
273,long_sleeve274,patch_detail_button_up_top,https://www.venus.com/viewproduct.aspx?BRANCH=7~63~2052~&ProductDisplayID=65020,data/venus/women/tops/long_sleeve/patch_detail_button_up_top
274,long_sleeve275,off_the_shoulder_lace_top,https://www.venus.com/viewproduct.aspx?BRANCH=7~63~2052~&ProductDisplayID=51055,data/venus/women/tops/long_sleeve/off_the_shoulder_lace_top
275,long_sleeve276,lace_detail_bell_sleeve_top,https://www.venus.com/viewproduct.aspx?BRANCH=7~63~2052~&ProductDisplayID=49578,data/venus/women/tops/long_sleeve/lace_detail_bell_sleeve_top
276,long_sleeve277,zip_up_halter_top,https://www.venus.com/viewproduct.aspx?BRANCH=7~63~2052~&ProductDisplayID=66228,data/venus/women/tops/long_sleeve/zip_up_halter_top
277,long_sleeve278,faux_leather_detail_top,https://www.venus.com/viewproduct.aspx?BRANCH=7~63~2052~&ProductDisplayID=55382,data/venus/women/tops/long_sleeve/faux_leather_detail_top
278,long_sleeve279,faux_fur_trim_top,https://www.venus.com/viewproduct.aspx?BRANCH=7~63~2052~&ProductDisplayID=55244,data/venus/women/tops/long_sleeve/faux_fur_trim_top
279,long_sleeve280,strappy_detail_ruched_top,https://www.venus.com/viewproduct.aspx?BRANCH=7~63~2052~&ProductDisplayID=55426,data/venus/women/tops/long_sleeve/strappy_detail_ruched_top
280,long_sleeve281,tie_detail_lounge_top,https://www.venus.com/viewproduct.aspx?BRANCH=7~63~2052~&ProductDisplayID=73054,data/venus/women/tops/long_sleeve/tie_detail_lounge_top
281,long_sleeve282,crochet_detail_top,https://www.venus.com/viewproduct.aspx?BRANCH=7~63~2052~&ProductDisplayID=60262,data/venus/women/tops/long_sleeve/crochet_detail_top
282,long_sleeve283,embellished_print_blouse,https://www.venus.com/viewproduct.aspx?BRANCH=7~63~2052~&ProductDisplayID=69900,data/venus/women/tops/long_sleeve/embellished_print_blouse
283,long_sleeve284,lace_surplice_top,https://www.venus.com/viewproduct.aspx?BRANCH=7~63~2052~&ProductDisplayID=59774,data/venus/women/tops/long_sleeve/lace_surplice_top
284,long_sleeve285,embroidered_tulle_top,https://www.venus.com/viewproduct.aspx?BRANCH=7~63~2052~&ProductDisplayID=61463,data/venus/women/tops/long_sleeve/embroidered_tulle_top
285,long_sleeve286,embellished_bell_sleeve_top_1,https://www.venus.com/viewproduct.aspx?BRANCH=7~63~2052~&ProductDisplayID=68974,data/venus/women/tops/long_sleeve/embellished_bell_sleeve_top_1
286,long_sleeve287,off_the_shoulder_top_8,https://www.venus.com/viewproduct.aspx?BRANCH=7~63~2052~&ProductDisplayID=58915,data/venus/women/tops/long_sleeve/off_the_shoulder_top_8
287,long_sleeve288,embroidered_peasant_blouse,https://www.venus.com/viewproduct.aspx?BRANCH=7~63~2052~&ProductDisplayID=51547,data/venus/women/tops/long_sleeve/embroidered_peasant_blouse
288,long_sleeve289,pocket_front_lace_up_top,https://www.venus.com/viewproduct.aspx?BRANCH=7~63~2052~&ProductDisplayID=44852,data/venus/women/tops/long_sleeve/pocket_front_lace_up_top
289,long_sleeve290,lace_up_long_sleeve_top,https://www.venus.com/viewproduct.aspx?BRANCH=7~63~2052~&ProductDisplayID=62061,data/venus/women/tops/long_sleeve/lace_up_long_sleeve_top
290,long_sleeve291,ruffle_sleeve_tie_front_top,https://www.venus.com/viewproduct.aspx?BRANCH=7~63~2052~&ProductDisplayID=59766,data/venus/women/tops/long_sleeve/ruffle_sleeve_tie_front_top
291,long_sleeve292,bubble_sleeve_smocked_top,https://www.venus.com/viewproduct.aspx?BRANCH=7~63~2052~&ProductDisplayID=70794,data/venus/women/tops/long_sleeve/bubble_sleeve_smocked_top
292,long_sleeve293,printed_deep_v_top,https://www.venus.com/viewproduct.aspx?BRANCH=7~63~2052~&ProductDisplayID=69328,data/venus/women/tops/long_sleeve/printed_deep_v_top
293,long_sleeve294,embellished_print_top_2,https://www.venus.com/viewproduct.aspx?BRANCH=7~63~2052~&ProductDisplayID=53616,data/venus/women/tops/long_sleeve/embellished_print_top_2
294,long_sleeve295,ombre_velvet_v-neck_top,https://www.venus.com/viewproduct.aspx?BRANCH=7~63~2052~&ProductDisplayID=45892,data/venus/women/tops/long_sleeve/ombre_velvet_v-neck_top
295,long_sleeve296,printed_surplice_blouse,https://www.venus.com/viewproduct.aspx?BRANCH=7~63~2052~&ProductDisplayID=50008,data/venus/women/tops/long_sleeve/printed_surplice_blouse
296,long_sleeve297,cold_shoulder_lace_top,https://www.venus.com/viewproduct.aspx?BRANCH=7~63~2052~&ProductDisplayID=50842,data/venus/women/tops/long_sleeve/cold_shoulder_lace_top
297,long_sleeve298,poncho_print_top,https://www.venus.com/viewproduct.aspx?BRANCH=7~63~2052~&ProductDisplayID=61398,data/venus/women/tops/long_sleeve/poncho_print_top
298,long_sleeve299,tie_neck_blouse,https://www.venus.com/viewproduct.aspx?BRANCH=7~63~2052~&ProductDisplayID=73701,data/venus/women/tops/long_sleeve/tie_neck_blouse
299,long_sleeve300,ombre_hooded_sweatshirt,https://www.venus.com/viewproduct.aspx?BRANCH=7~63~2052~&ProductDisplayID=50941,data/venus/women/tops/long_sleeve/ombre_hooded_sweatshirt
300,long_sleeve301,floral_off_the_shoulder_top,https://www.venus.com/viewproduct.aspx?BRANCH=7~63~2052~&ProductDisplayID=56820,data/venus/women/tops/long_sleeve/floral_off_the_shoulder_top
301,long_sleeve302,cold_shoulder_sweatshirt_2,https://www.venus.com/viewproduct.aspx?BRANCH=7~63~2052~&ProductDisplayID=56729,data/venus/women/tops/long_sleeve/cold_shoulder_sweatshirt_2
302,long_sleeve303,button_detail_top,https://www.venus.com/viewproduct.aspx?BRANCH=7~63~2052~&ProductDisplayID=57230,data/venus/women/tops/long_sleeve/button_detail_top
303,long_sleeve304,tiered_sleeve_print_top,https://www.venus.com/viewproduct.aspx?BRANCH=7~63~2052~&ProductDisplayID=64076,data/venus/women/tops/long_sleeve/tiered_sleeve_print_top
304,long_sleeve305,ruffle_v-neck_top,https://www.venus.com/viewproduct.aspx?BRANCH=7~63~2052~&ProductDisplayID=68815,data/venus/women/tops/long_sleeve/ruffle_v-neck_top
305,long_sleeve306,strappy_surplice_top,https://www.venus.com/viewproduct.aspx?BRANCH=7~63~2052~&ProductDisplayID=59289,data/venus/women/tops/long_sleeve/strappy_surplice_top
306,long_sleeve307,slit_sleeve_top,https://www.venus.com/viewproduct.aspx?BRANCH=7~63~2052~&ProductDisplayID=64065,data/venus/women/tops/long_sleeve/slit_sleeve_top
307,long_sleeve308,bell_sleeve_sweatshirt,https://www.venus.com/viewproduct.aspx?BRANCH=7~63~2052~&ProductDisplayID=54783&clr=CDWH,data/venus/women/tops/long_sleeve/bell_sleeve_sweatshirt
308,long_sleeve309,pearl_detail_crochet_top,https://www.venus.com/viewproduct.aspx?BRANCH=7~63~2052~&ProductDisplayID=68812,data/venus/women/tops/long_sleeve/pearl_detail_crochet_top
309,long_sleeve310,inspire_lounge_top,https://www.venus.com/viewproduct.aspx?BRANCH=7~63~2052~&ProductDisplayID=56026,data/venus/women/tops/long_sleeve/inspire_lounge_top
310,long_sleeve311,lace_trim_top_2,https://www.venus.com/viewproduct.aspx?BRANCH=7~63~2052~&ProductDisplayID=43430,data/venus/women/tops/long_sleeve/lace_trim_top_2
311,long_sleeve312,ring_detail_surplice_top,https://www.venus.com/viewproduct.aspx?BRANCH=7~63~2052~&ProductDisplayID=64952,data/venus/women/tops/long_sleeve/ring_detail_surplice_top
312,long_sleeve313,cold_shoulder_peplum_top,https://www.venus.com/viewproduct.aspx?BRANCH=7~63~2052~&ProductDisplayID=52320,data/venus/women/tops/long_sleeve/cold_shoulder_peplum_top
313,long_sleeve314,off_the_shoulder_print_top_1,https://www.venus.com/viewproduct.aspx?BRANCH=7~63~2052~&ProductDisplayID=50484,data/venus/women/tops/long_sleeve/off_the_shoulder_print_top_1
314,long_sleeve315,lace_detail_sweatshirt_1,https://www.venus.com/viewproduct.aspx?BRANCH=7~63~2052~&ProductDisplayID=73063,data/venus/women/tops/long_sleeve/lace_detail_sweatshirt_1
315,long_sleeve316,floral_tiered_sleeve_top,https://www.venus.com/viewproduct.aspx?BRANCH=7~63~2052~&ProductDisplayID=63995,data/venus/women/tops/long_sleeve/floral_tiered_sleeve_top
316,long_sleeve317,cold_shoulder_lace_trim_top,https://www.venus.com/viewproduct.aspx?BRANCH=7~63~2052~&ProductDisplayID=58433,data/venus/women/tops/long_sleeve/cold_shoulder_lace_trim_top
317,long_sleeve318,python_printed_sweatshirt,https://www.venus.com/viewproduct.aspx?BRANCH=7~63~2052~&ProductDisplayID=71563,data/venus/women/tops/long_sleeve/python_printed_sweatshirt
318,long_sleeve319,puff_sleeve_eyelet_top,https://www.venus.com/viewproduct.aspx?BRANCH=7~63~2052~&ProductDisplayID=70796,data/venus/women/tops/long_sleeve/puff_sleeve_eyelet_top
319,long_sleeve320,off_shoulder_bell_sleeve_top,https://www.venus.com/viewproduct.aspx?BRANCH=7~63~2052~&ProductDisplayID=49140,data/venus/women/tops/long_sleeve/off_shoulder_bell_sleeve_top
320,long_sleeve321,mesh_detailed_hoodie,https://www.venus.com/viewproduct.aspx?BRANCH=7~63~2052~&ProductDisplayID=71559,data/venus/women/tops/long_sleeve/mesh_detailed_hoodie
321,long_sleeve322,printed_velvet_v-neck_top,https://www.venus.com/viewproduct.aspx?BRANCH=7~63~2052~&ProductDisplayID=48072,data/venus/women/tops/long_sleeve/printed_velvet_v-neck_top
322,long_sleeve323,open_back_neon_top,https://www.venus.com/viewproduct.aspx?BRANCH=7~63~2052~&ProductDisplayID=67748,data/venus/women/tops/long_sleeve/open_back_neon_top
323,long_sleeve324,ombre_print_peasant_top,https://www.venus.com/viewproduct.aspx?BRANCH=7~63~2052~&ProductDisplayID=47478,data/venus/women/tops/long_sleeve/ombre_print_peasant_top
324,long_sleeve325,sea_sun_salt_sweatshirt,https://www.venus.com/viewproduct.aspx?BRANCH=7~63~2052~&ProductDisplayID=42057,data/venus/women/tops/long_sleeve/sea_sun_salt_sweatshirt
325,long_sleeve326,off_the_shoulder_top_9,https://www.venus.com/viewproduct.aspx?BRANCH=7~63~2052~&ProductDisplayID=58637,data/venus/women/tops/long_sleeve/off_the_shoulder_top_9
326,long_sleeve327,open_back_bell_sleeve_top,https://www.venus.com/viewproduct.aspx?BRANCH=7~63~2052~&ProductDisplayID=66457,data/venus/women/tops/long_sleeve/open_back_bell_sleeve_top
